,Title,Description
0,This Is England,"A young boy becomes friends with a gang of skinheads. Friends soon become like family, and relationships will be pushed to the very limit."
1,Ex Machina,A young programmer is selected to participate in a ground-breaking experiment in synthetic intelligence by evaluating the human qualities of a highly advanced humanoid A.I.
2,Efter brylluppet,"A manager of an orphanage in India is sent to Copenhagen, Denmark, where he discovers a life-altering family secret."
3,The Last King of Scotland,Based on the events of the brutal Ugandan dictator Idi Amin's regime as seen by his personal physician during the 1970s.
4,Zodiac,"In the late 1960s/early 1970s, a San Francisco cartoonist becomes an amateur detective obsessed with tracking down the Zodiac Killer, an unidentified individual who terrorizes Northern California with a killing spree."
5,Lucky Number Slevin,A case of mistaken identity lands Slevin into the middle of a war being plotted by two of the city's most rival crime bosses: The Rabbi and The Boss. Slevin is under constant surveillance by relentless Detective Brikowski as well as the infamous assassin Goodkat and finds himself having to hatch his own ingenious plot to get them before they get him.
6,Joyeux Noël,"In December 1914, an unofficial Christmas truce on the Western Front allows soldiers from opposing sides of the First World War to gain insight into each other's way of life."
7,Control,"A profile of Ian Curtis, the enigmatic singer of Joy Division whose personal, professional, and romantic troubles led him to commit suicide at the age of 23."
8,Tangled,"The magically long-haired Rapunzel has spent her entire life in a tower, but now that a runaway thief has stumbled upon her, she is about to discover the world for the first time, and who she really is."
9,Zwartboek,"In the Nazi-occupied Netherlands during World War II, a Jewish singer infiltrates the regional Gestapo headquarters for the Dutch resistance."
10,Brokeback Mountain,"The story of a forbidden and secretive relationship between two cowboys, and their lives over the years."
11,3:10 to Yuma,A small-time rancher agrees to hold a captured outlaw who's awaiting a train to go to court in Yuma. A battle of wills ensues as the outlaw tries to psych out the rancher.
12,Crash,"Los Angeles citizens with vastly separate lives collide in interweaving stories of race, loss and redemption."
13,Kung fu,"In Shanghai, China in the 1940s, a wannabe gangster aspires to join the notorious ""Axe Gang"" while residents of a housing complex exhibit extraordinary powers in defending their turf."
14,The Bourne Supremacy,"When Jason Bourne is framed for a CIA operation gone awry, he is forced to resume his former life as a trained assassin to survive."
15,The Machinist,An industrial worker who hasn't slept in a year begins to doubt his own sanity.
16,Ray,"The story of the life and career of the legendary rhythm and blues musician Ray Charles, from his humble beginnings in the South, where he went blind at age seven, to his meteoric rise to stardom during the 1950s and 1960s."
17,Lost in Translation,A faded movie star and a neglected young woman form an unlikely bond after crossing paths in Tokyo.
18,Harry Potter and the Goblet of Fire,"Harry Potter finds himself competing in a hazardous tournament between rival schools of magic, but he is distracted by recurring nightmares."
19,Man on Fire,"In Mexico City, a former CIA operative swears vengeance on those who committed an unspeakable act against the family he was hired to protect."
20,Coraline,"An adventurous 11-year-old girl finds another world that is a strangely idealized version of her frustrating home, but it has sinister secrets."
21,The Last Samurai,An American military advisor embraces the Samurai culture he was hired to destroy after he is captured in battle.
22,The Magdalene Sisters,Three young Irish women struggle to maintain their spirits while they endure dehumanizing abuse as inmates of a Magdalene Sisters Asylum.
23,21 Grams,"A freak accident brings together a critically ill mathematician, a grieving mother, and a born-again ex-con."
24,Finding Neverland,The story of Sir J.M. Barrie's friendship with a family who inspired him to create Peter Pan.
25,Good Bye Lenin!,"In 1990, to protect his fragile mother from a fatal shock after a long coma, a young man must keep her from learning that her beloved nation of East Germany as she knew it has disappeared."
26,In America,A family of Irish immigrants adjust to life on the mean streets of Hell's Kitchen while also grieving the death of a child.
27,I Am Sam,A mentally handicapped man fights for custody of his 7-year-old daughter and in the process teaches his cold-hearted lawyer the value of love and family.
28,Adaptation.,A lovelorn screenwriter becomes desperate as he tries and fails to adapt 'The Orchid Thief' by Susan Orlean for the screen.
29,Black Hawk Down,160 elite U.S. soldiers drop into Somalia to capture two top lieutenants of a renegade warlord and find themselves in a desperate battle with a large force of heavily-armed Somalis.
30,Road to Perdition,"A mob enforcer's son witnesses a murder, forcing him and his father to take to the road, and his father down a path of redemption and revenge."
31,Das Experiment,"For two weeks, 20 male participants are hired to play prisoners and guards in a prison. The ""prisoners"" have to follow seemingly mild rules, and the ""guards"" are told to retain order without using physical violence."
32,Billy Elliot,A talented young boy becomes torn between his unexpected love of dance and the disintegration of his family.
33,Hedwig and the Angry Inch,A transgender punk-rock girl from East Berlin tours the U.S. with her band as she tells her life story and follows the former lover/band-mate who stole her songs.
34,Ocean's Eleven,Danny Ocean and his ten accomplices plan to rob three Las Vegas casinos simultaneously.
35,Vampire Hunter D: Bloodlust,"When a girl is abducted by a vampire, a legendary bounty hunter is hired to bring her back."
36,"O Brother, Where Art Thou?","In the deep south during the 1930s, three escaped convicts search for hidden treasure while a relentless lawman pursues them."
37,Interstate 60: Episodes of the Road,"Neal Oliver, a very confused young man and an artist, takes a journey of a lifetime on a highway I60 that doesn't exist on any of the maps, going to the places he never even heard of, searching for an answer and his dreamgirl."
38,"South Park: Bigger, Longer & Uncut","When Stan Marsh and his friends go see an R-rated movie, they start cursing and their parents think that Canada is to blame."
39,Office Space,Three company workers who hate their jobs decide to rebel against their greedy boss.
40,Happiness,"The lives of several individuals intertwine as they go about their lives in their own unique ways, engaging in acts society as a whole might find disturbing in a desperate search for human connection."
41,Training Day,A rookie cop spends his first day as a Los Angeles narcotics officer with a rogue detective who isn't what he appears to be.
42,Rushmore,The extracurricular king of Rushmore Preparatory School is put on academic probation.
43,Being John Malkovich,A puppeteer discovers a portal that leads literally into the head of movie star John Malkovich.
44,As Good as It Gets,"A single mother and waitress, a misanthropic author, and a gay artist form an unlikely friendship after the artist is assaulted in a robbery."
45,The Fifth Element,"In the colorful future, a cab driver unwittingly becomes the central figure in the search for a legendary cosmic weapon to keep Evil and Mr. Zorg at bay."
46,Le dîner de cons,"A few friends have a weekly fools' dinner, where each brings a fool along. Pierre finds a champion fool for next dinner. Surprise."
47,Donnie Brasco,"An FBI undercover agent infiltrates the mob and finds himself identifying more with the mafia life, at the expense of his regular one."
48,Shine,"Pianist David Helfgott, driven by his father and teachers, has a breakdown. Years later he returns to the piano, to popular if not critical acclaim."
49,Primal Fear,"An altar boy is accused of murdering a priest, and the truth is buried several layers deep."
50,Hamlet,"Hamlet, Prince of Denmark, returns home to find his father murdered and his mother remarrying the murderer, his uncle. Meanwhile, war is brewing."
51,A Little Princess,A young girl is relegated to servitude at a boarding school when her father goes missing and is presumed dead.
52,Il postino,"A simple Italian postman learns to love poetry while delivering mail to a famous poet, and then uses this to woo local beauty Beatrice."
53,Clerks,"A day in the lives of two convenience clerks named Dante and Randal as they annoy customers, discuss movies, and play hockey on the store roof."
54,Short Cuts,The day-to-day lives of several suburban Los Angeles residents.
55,Philadelphia,"When a man with HIV is fired by his law firm because of his condition, he hires a homophobic small time lawyer as the only willing advocate for a wrongful dismissal suit."
56,The Muppet Christmas Carol,The Muppet characters tell their version of the classic tale of an old and bitter miser's redemption on Christmas Eve.
57,Malcolm X,"Biographical epic of the controversial and influential Black Nationalist leader, from his early life and career as a small-time gangster, to his ministry as a member of the Nation of Islam."
58,The Last of the Mohicans,Three trappers protect the daughters of a British Colonel in the midst of the French and Indian War.
59,Kurenai no buta,"In 1930s Italy, a veteran World War I pilot is cursed to look like an anthropomorphic pig."
60,Glengarry Glen Ross,An examination of the machinations behind the scenes at a real estate office.
61,A Few Good Men,Military lawyer Lieutenant Daniel Kaffee defends Marines accused of murder. They contend they were acting under orders.
62,Fried Green Tomatoes,A housewife who is unhappy with her life befriends an old lady in a nursing home and is enthralled by the tales she tells of people she used to know.
63,Boyz n the Hood,"Follows the lives of three young males living in the Crenshaw ghetto of Los Angeles, dissecting questions of race, relationships, violence, and future prospects."
64,Barton Fink,A renowned New York playwright is enticed to California to write for the movies and discovers the hellish truth of Hollywood.
65,Miller's Crossing,"Tom Reagan, an advisor to a Prohibition-era crime boss, tries to keep the peace between warring mobs but gets caught in divided loyalties."
66,Who Framed Roger Rabbit,A toon-hating detective is a cartoon rabbit's only hope to prove his innocence when he is accused of murder.
67,Spoorloos,"Rex and Saskia, a young couple in love, are on vacation. They stop at a busy service station and Saskia is abducted. After three years and no sign of Saskia, Rex begins receiving letters from the abductor."
68,Withnail & I,"In 1969, two substance-abusing, unemployed actors retreat to the countryside for a holiday that proves disastrous."
69,The Last Emperor,The story of the final Emperor of China.
70,Empire of the Sun,A young English boy struggles to survive under Japanese occupation during World War II.
71,Der Name der Rose,An intellectually nonconformist friar investigates a series of mysterious deaths in an isolated abbey.
72,The Purple Rose of Cairo,"In New Jersey in 1935, a movie character walks off the screen and into the real world."
73,After Hours,An ordinary word processor has the worst night of his life after he agrees to visit a girl in Soho who he met that evening at a coffee shop.
74,Zelig,"""Documentary"" about a man who can look and act like whoever he's around, and meets various famous people."
75,The Verdict,A lawyer sees the chance to salvage his career and self-respect by taking a medical malpractice case to trial rather than settling.
76,Star Trek II: The Wrath of Khan,"With the assistance of the Enterprise crew, Admiral Kirk must stop an old nemesis, Khan Noonien Singh, from using the life-generating Genesis Device as the ultimate weapon."
77,First Blood,A veteran Green Beret is forced by a cruel Sheriff and his deputies to flee into the mountains and wage an escalating one-man war against his pursuers.
78,Ordinary People,"The accidental death of the older son of an affluent family deeply strains the relationships among the bitter mother, the good-natured father, and the guilt-ridden younger son."
79,Airplane!,A man afraid to fly must ensure that a plane lands safely after the pilots become sick.
80,Rupan sansei: Kariosutoro no shiro,"A dashing thief, his gang of desperadoes and an intrepid policeman struggle to free a princess from an evil count's clutches, and learn the hidden secret to a fabulous treasure that she holds part of a key to."
81,Le locataire,A bureaucrat rents a Paris apartment where he finds himself drawn into a rabbit hole of dangerous paranoia.
82,Love and Death,"In czarist Russia, a neurotic soldier and his distant cousin formulate a plot to assassinate Napoleon."
83,The Taking of Pelham One Two Three,"In New York, armed men hijack a subway car and demand a ransom for the passengers. Even if it's paid, how could they get away?"
84,Blazing Saddles,"In order to ruin a western town, a corrupt politician appoints a black Sheriff, who promptly becomes his most formidable adversary."
85,Serpico,An honest New York cop named Frank Serpico blows the whistle on rampant corruption in the force only to have his comrades turn against him.
86,Enter the Dragon,A martial artist agrees to spy on a reclusive crime lord using his invitation to a tournament there as cover.
87,Deliverance,"Intent on seeing the Cahulawassee River before it's dammed and turned into a lake, outdoor fanatic Lewis Medlock takes his friends on a canoeing trip they'll never forget into the dangerous American back-country."
88,The French Connection,A pair of NYC cops in the Narcotics Bureau stumble onto a drug smuggling job with a French connection.
89,Dirty Harry,"When a madman calling himself ""the Scorpio Killer"" menaces the city, tough as nails San Francisco Police Inspector ""Dirty"" Harry Callahan is assigned to track down and ferret out the crazed psychopath."
90,Where Eagles Dare,"Allied agents stage a daring raid on a castle where the Nazis are holding American brigadier general George Carnaby prisoner, but that's not all that's really going on."
91,The Odd Couple,"Two friends try sharing an apartment, but their ideas of housekeeping and lifestyles are as different as night and day."
92,The Dirty Dozen,"During World War II, a rebellious U.S. Army Major is assigned a dozen convicted murderers to train and lead them into a mass assassination mission of German officers."
93,Belle de jour,A frigid young housewife decides to spend her midweek afternoons as a prostitute.
94,A Man for All Seasons,"The story of Sir Thomas More, who stood up to King Henry VIII when the King rejected the Roman Catholic Church to obtain a divorce and remarry."
95,Repulsion,A sex-repulsed woman who disapproves of her sister's boyfriend sinks into depression and has horrific visions of rape and violence.
96,Zulu,Outnumbered British soldiers do battle with Zulu warriors at Rorke's Drift.
97,Goldfinger,"While investigating a gold magnate's smuggling, James Bond uncovers a plot to contaminate the Fort Knox gold reserve."
98,The Birds,A wealthy San Francisco socialite pursues a potential boyfriend to a small Northern California town that slowly takes a turn for the bizarre when birds of all kinds suddenly begin to attack people.
99,Cape Fear,A lawyer's family is stalked by a man he once helped put in jail.
100,Breakfast at Tiffany's,"A young New York socialite becomes interested in a young man who has moved into her apartment building, but her past threatens to get in the way."
101,Peeping Tom,"A young man murders women, using a movie camera to film their dying expressions of terror."
102,The Magnificent Seven,Seven gunfighters are hired by Mexican peasants to liberate their village from oppressive bandits.
103,Les yeux sans visage,"A surgeon causes an accident which leaves his daughter disfigured, and goes to extremes to give her a new face."
104,Invasion of the Body Snatchers,A small-town doctor learns that the population of his community is being replaced by emotionless alien duplicates.
105,Rebel Without a Cause,"A rebellious young man with a troubled past comes to a new town, finding friends and enemies."
106,The Ladykillers,Five oddball criminals planning a bank robbery rent rooms on a cul-de-sac from an octogenarian widow under the pretext that they are classical musicians.
107,Sabrina,"A playboy becomes interested in the daughter of his family's chauffeur, but it's his more serious brother who would be the better man for her."
108,The Quiet Man,"A retired American boxer returns to the village of his birth in Ireland, where he falls for a spirited redhead whose brother is contemptuous of their union."
109,The Day the Earth Stood Still,An alien lands and tells the people of Earth that they must live peacefully or be destroyed as a danger to other planets.
110,The African Queen,"In WWI Africa, a gin-swilling riverboat captain is persuaded by a strait-laced missionary to use his boat to attack an enemy warship."
111,Gilda,A small-time gambler hired to work in a Buenos Aires casino discovers his employer's new wife is his former lover.
112,The Invisible Man,"A scientist finds a way of becoming invisible, but in doing so, he becomes murderously insane."
113,The Farewell,"A Chinese family discovers their grandmother has only a short while left to live and decide to keep her in the dark, scheduling a wedding to gather before she dies."
114,Searching,"After his 16-year-old daughter goes missing, a desperate father breaks into her laptop to look for clues to find her."
115,Zimna wojna,"In the 1950s, a music director falls in love with a singer and tries to persuade her to flee communist Poland for France."
116,Nelyubov,A couple going through a divorce must team up to find their son who has disappeared during one of their bitter arguments.
117,The Florida Project,"Set over one summer, the film follows precocious six-year-old Moonee as she courts mischief and adventure with her ragtag playmates and bonds with her rebellious but caring mother, all while living in the shadows of Walt Disney World."
118,Gifted,"Frank, a single man raising his child prodigy niece Mary, is drawn into a custody battle with his mother."
119,The Peanut Butter Falcon,Zak runs away from his care home to make his dream of becoming a wrestler come true.
120,Victoria,A young Spanish woman who has recently moved to Berlin finds her flirtation with a local guy turn potentially deadly as their night out with his friends reveals a dangerous secret.
121,Mustang,"When five orphan girls are seen innocently playing with boys on a beach, their scandalized conservative guardians confine them while forced marriages are arranged."
122,Guardians of the Galaxy Vol. 2,"The Guardians struggle to keep together as a team while dealing with their personal family issues, notably Star-Lord's encounter with his father the ambitious celestial being Ego."
123,Baby Driver,"After being coerced into working for a crime boss, a young getaway driver finds himself taking part in a heist doomed to fail."
124,Only the Brave,"Based on the true story of the Granite Mountain Hotshots, a group of elite firefighters who risk everything to protect a town from a historic wildfire."
125,Bridge of Spies,"During the Cold War, an American lawyer is recruited to defend an arrested Soviet spy in court, and then help the CIA facilitate an exchange of the spy for the Soviet captured American U2 spy plane pilot, Francis Gary Powers."
126,Incredibles 2,"The Incredibles hero family takes on a new mission, which involves a change in family roles: Bob Parr (Mr Incredible) must manage the house while his wife Helen (Elastigirl) goes out to save the world."
127,Moana,"In Ancient Polynesia, when a terrible curse incurred by the Demigod Maui reaches Moana's island, she answers the Ocean's call to seek out the Demigod to set things right."
128,Sicario,An idealistic FBI agent is enlisted by a government task force to aid in the escalating war against drugs at the border area between the U.S. and Mexico.
129,Creed,"The former World Heavyweight Champion Rocky Balboa serves as a trainer and mentor to Adonis Johnson, the son of his late friend and former rival Apollo Creed."
130,Leviafan,"In a Russian coastal town, Kolya is forced to fight the corrupt mayor when he is told that his house will be demolished. He recruits a lawyer friend to help, but the man's arrival brings further misfortune for Kolya and his family."
131,Hell or High Water,A divorced father and his ex-con older brother resort to a desperate scheme in order to save their family's ranch in West Texas.
132,Philomena,"A world-weary political journalist picks up the story of a woman's search for her son, who was taken away from her decades ago after she became pregnant and was forced to live in a convent."
133,Dawn of the Planet of the Apes,A growing nation of genetically evolved apes led by Caesar is threatened by a band of human survivors of the devastating virus unleashed a decade earlier.
134,El cuerpo,A detective searches for the body of a femme fatale which has gone missing from a morgue.
135,Serbuan maut,A S.W.A.T. team becomes trapped in a tenement run by a ruthless mobster and his army of killers and thugs.
136,End of Watch,"Shot documentary-style, this film follows the daily grind of two young police officers in LA who are partners and friends, and what happens when they meet criminal forces greater than themselves."
137,Kari-gurashi no Arietti,"The Clock family are four-inch-tall people who live anonymously in another family's residence, borrowing simple items to make their home. Life changes for the Clocks when their teenage daughter, Arrietty, is discovered."
138,True Grit,A stubborn teenager enlists the help of a tough U.S. Marshal to track down her father's murderer.
139,Hævnen,"The lives of two Danish families cross each other, and an extraordinary but risky friendship comes into bud. But loneliness, frailty and sorrow lie in wait."
140,Despicable Me,"When a criminal mastermind uses a trio of orphan girls as pawns for a grand scheme, he finds their love is profoundly changing him for the better."
141,50/50,"Inspired by a true story, a comedy centered on a 27-year-old guy who learns of his cancer diagnosis and his subsequent struggle to beat the disease."
142,Kick-Ass,"Dave Lizewski is an unnoticed high school student and comic book fan who one day decides to become a superhero, even though he has no powers, training or meaningful reason to do so."
143,Celda 211,"The story of two men on different sides of a prison riot -- the inmate leading the rebellion and the young guard trapped in the revolt, who poses as a prisoner in a desperate attempt to survive the ordeal."
144,Moneyball,Oakland A's general manager Billy Beane's successful attempt to assemble a baseball team on a lean budget by employing computer-generated analysis to acquire new players.
145,La piel que habito,"A brilliant plastic surgeon, haunted by past tragedies, creates a type of synthetic skin that withstands any kind of damage. His guinea pig: a mysterious and volatile woman who holds the key to his obsession."
146,Zombieland,"A shy student trying to reach his family in Ohio, a gun-toting tough guy trying to find the last Twinkie, and a pair of sisters trying to get to an amusement park join forces to travel across a zombie-filled America."
147,Die Welle,A high school teacher's experiment to demonstrate to his students what life is like under a dictatorship spins horribly out of control when he forms a social unit with a life of its own.
148,Sherlock Holmes,Detective Sherlock Holmes and his stalwart partner Watson engage in a battle of wits and brawn with a nemesis whose plot is a threat to all of England.
149,Byôsoku 5 senchimêtoru,"Told in three interconnected segments, we follow a young man named Takaki through his life as cruel winters, cold technology, and finally, adult obligations and responsibility converge to test the delicate petals of love."
150,The Hurt Locker,"During the Iraq War, a Sergeant recently assigned to an army bomb squad is put at odds with his squad mates due to his maverick way of handling his work."
151,The Blind Side,"The story of Michael Oher, a homeless and traumatized boy who became an All-American football player and first-round NFL draft pick with the help of a caring woman and her family."
152,The Visitor,A college professor travels to New York City to attend a conference and finds a young couple living in his apartment.
153,Superbad,Two co-dependent high school seniors are forced to deal with separation anxiety after their plan to stage a booze-soaked party goes awry.
154,Seven Pounds,A man with a fateful secret embarks on an extraordinary journey of redemption by forever changing the lives of seven strangers.
155,Eastern Promises,A Russian teenager living in London who dies during childbirth leaves clues to a midwife in her journal that could tie her child to a rape involving a violent Russian mob family.
156,Stardust,"In a countryside town bordering on a magical land, a young man makes a promise to his beloved that he'll retrieve a fallen star by venturing into the magical realm."
157,The Secret of Kells,"A young boy in a remote medieval outpost under siege from barbarian raids is beckoned to adventure when a celebrated master illuminator arrives with an ancient book, brimming with secret wisdom and powers."
158,Inside Man,"A police detective, a bank robber, and a high-power broker enter high-stakes negotiations after the criminal's brilliant heist spirals into a hostage situation."
159,Gone Baby Gone,"Two Boston area detectives investigate a little girl's kidnapping, which ultimately turns into a crisis both professionally and personally."
160,Chinjeolhan geumjassi,"After being wrongfully imprisoned for thirteen years and having her child taken away from her, a woman seeks revenge through increasingly brutal means."
161,La Vie En Rose,"Biopic of the iconic French singer Édith Piaf. Raised by her grandmother in a brothel, she was discovered while singing on a street corner at the age of 19. Despite her success, Piaf's life was filled with tragedy."
162,Huo Yuan Jia,"A biography of Chinese Martial Arts Master Huo Yuanjia, who is the founder and spiritual guru of the Jin Wu Sports Federation."
163,The Illusionist,"In turn-of-the-century Vienna, a magician uses his abilities to secure the love of a woman far above his social standing."
164,Volver,"After her death, a mother returns to her home town in order to fix the situations she couldn't resolve during her life."
165,Thank You for Smoking,"Satirical comedy follows the machinations of Big Tobacco's chief spokesman, Nick Naylor, who spins on behalf of cigarettes while trying to remain a role model for his twelve-year-old son."
166,Dead Man's Shoes,A disaffected soldier returns to his hometown to get even with the thugs who brutalized his mentally-challenged brother years ago.
167,Harry Potter and the Half-Blood Prince,"As Harry Potter (Daniel Radcliffe) begins his sixth year at Hogwarts, he discovers an old book marked as ""the property of the Half-Blood Prince"" and begins to learn more about Lord Voldemort's (Ralph Fiennes') dark past."
168,300,King Leonidas of Sparta and a force of 300 men fight the Persians at Thermopylae in 480 B.C.
169,Match Point,"At a turning point in his life, a former tennis pro falls for an actress who happens to be dating his friend and soon-to-be brother-in-law."
170,Watchmen,"In 1985 where former superheroes exist, the murder of a colleague sends active vigilante Rorschach into his own sprawling investigation, uncovering something that could completely change the course of history as we know it."
171,Lord of War,An arms dealer confronts the morality of his work as he is being chased by an INTERPOL Agent.
172,Saw,"Two strangers, who awaken in a room with no recollection of how they got there, soon discover they're pawns in a deadly game perpetrated by a notorious serial killer."
173,"Synecdoche, New York","A theatre director struggles with his work, and the women in his life, as he creates a life-size replica of New York City inside a warehouse as part of his new play."
174,Mysterious Skin,"A teenage hustler and a young man obsessed with alien abductions cross paths, together discovering a horrible, liberating truth."
175,Jeux d'enfants,"As adults, best friends Julien and Sophie continue the odd game they started as children -- a fearless competition to outdo one another with daring and outrageous stunts. While they often act out to relieve one another's pain, their game might be a way to avoid the fact that they are truly meant for one another."
176,Un long dimanche de fiançailles,"Tells the story of a young woman's relentless search for her fiancé, who has disappeared from the trenches of the Somme during World War One."
177,The Station Agent,"When his only friend dies, a man born with dwarfism moves to rural New Jersey to live a life of solitude, only to meet a chatty hot dog vendor and a woman dealing with her own personal loss."
178,Love Actually,"Follows the lives of eight very different couples in dealing with their love lives in various loosely interrelated tales all set during a frantic month before Christmas in London, England."
179,Boksuneun naui geot,"A recently laid off factory worker kidnaps his former boss' friend's daughter, hoping to use the ransom money to pay for his sister's kidney transplant."
180,25th Hour,"Cornered by the DEA, convicted New York drug dealer Montgomery Brogan reevaluates his life in the 24 remaining hours before facing a seven-year jail term."
181,The Butterfly Effect,"Evan Treborn suffers blackouts during significant events of his life. As he grows up, he finds a way to remember these lost memories and a supernatural way to alter his life by reading his journal."
182,28 Days Later...,"Four weeks after a mysterious, incurable virus spreads throughout the UK, a handful of survivors try to find sanctuary."
183,Batoru rowaiaru,"In the future, the Japanese government captures a class of ninth-grade students and forces them to kill each other under the revolutionary ""Battle Royale"" act."
184,The Royal Tenenbaums,The eccentric members of a dysfunctional family reluctantly gather under the same roof for various reasons.
185,Y tu mamá también,"In Mexico, two teenage boys and an attractive older woman embark on a road trip and learn a thing or two about life, friendship, sex, and each other."
186,Harry Potter and the Sorcerer's Stone,"An orphaned boy enrolls in a school of wizardry, where he learns the truth about himself, his family and the terrible evil that haunts the magical world."
187,The Others,A woman who lives in her darkened old family house with her two photosensitive children becomes convinced that the home is haunted.
188,Blow,"The story of how George Jung, along with the Medellín Cartel headed by Pablo Escobar, established the American cocaine market in the 1970s in the United States."
189,Enemy at the Gates,A Russian and a German sniper play a game of cat-and-mouse during the Battle of Stalingrad.
190,Traffic,"A conservative judge is appointed by the President to spearhead America's escalating war against drugs, only to discover that his teenage daughter is a crack addict. Two DEA agents protect an informant. A jailed drug baron's wife attempts to carry on the family business."
191,Minority Report,"In a future where a special police unit is able to arrest murderers before they commit their crimes, an officer from that unit is himself accused of a future murder."
192,The Hurricane,"The story of Rubin ""Hurricane"" Carter, a boxer wrongly imprisoned for murder, and the people who aided in his fight to prove his innocence."
193,American Psycho,"A wealthy New York City investment banking executive, Patrick Bateman, hides his alternate psychopathic ego from his co-workers and friends as he delves deeper into his violent, hedonistic fantasies."
194,Lola rennt,"After a botched money delivery, Lola has 20 minutes to come up with 100,000 Deutschmarks."
195,The Thin Red Line,"Adaptation of James Jones' autobiographical 1962 novel, focusing on the conflict at Guadalcanal during the second World War."
196,Mulan,"To save her father from death in the army, a young maiden secretly goes in his place and becomes one of China's greatest heroines in the process."
197,Fear and Loathing in Las Vegas,An oddball journalist and his psychopathic lawyer travel to Las Vegas for a series of psychedelic escapades.
198,Funny Games,"Two violent young men take a mother, father, and son hostage in their vacation cabin and force them to play sadistic ""games"" with one another for their own amusement."
199,Dark City,"A man struggles with memories of his past, which includes a wife he cannot remember, and a nightmarish world, no one else seems to be waking up from."
200,Sleepers,"After a prank goes disastrously wrong, a group of boys are sent to a detention center where they are brutalized. Thirteen years later, an unexpected random encounter with a former guard gives them a chance for revenge."
201,Lost Highway,"After a bizarre encounter at a party with a stranger, a jazz saxophonist is framed for the murder of his wife and sent to prison, where he inexplicably morphs into a young mechanic, gets released, and begins leading a new life."
202,Sense and Sensibility,"Rich Mr. Dashwood dies, leaving his second wife and her three daughters poor by the rules of inheritance. The two eldest daughters are the title opposites."
203,Die Hard: With a Vengeance,"John McClane and a Harlem store owner are targeted by German terrorist Simon Gruber in New York City, where he plans to rob the Federal Reserve Building."
204,Dead Man,"On the run after murdering a man, accountant William Blake encounters a strange Native American man named Nobody who prepares him for his journey into the spiritual world."
205,The Bridges of Madison County,Photographer Robert Kincaid (Clint Eastwood) wanders into the life of housewife Francesca Johnson (Meryl Streep) for four days in the 1960s.
206,Apollo 13,NASA must devise a strategy to return Apollo 13 to Earth safely after the spacecraft undergoes massive internal damage putting the lives of the three astronauts on board in jeopardy.
207,Trois couleurs: Blanc,"After his wife divorces him, a Polish immigrant plots to get even with her."
208,The Crow,A man brutally murdered comes back to life as an undead avenger of his and his fiancée's murder.
209,Falling Down,An ordinary man frustrated with the various flaws he sees in society begins to psychotically and violently lash out against them.
210,Dazed and Confused,The adventures of high school and junior high students on the last day of school in May 1976.
211,My Cousin Vinny,"Two New Yorkers accused of murder in rural Alabama while on their way back to college call in the help of one of their cousins, a loudmouth lawyer with no trial experience."
212,Omohide poro poro,A twenty-seven-year-old office worker travels to the countryside while reminiscing about her childhood in Tokyo.
213,Delicatessen,Post-apocalyptic surrealist black comedy about the landlord of an apartment building who occasionally prepares a delicacy for his odd tenants.
214,The Hunt for Red October,"In November 1984, the Soviet Union's best submarine Captain in their newest sub violates orders and heads for the U.S. Is he trying to defect or to start a war?"
215,Home Alone,An eight-year-old troublemaker must protect his house from a pair of burglars when he is accidentally left home alone by his family during Christmas vacation.
216,The Godfather: Part III,"In the midst of trying to legitimize his business dealings in New York City and Italy in 1979, aging Mafia Don Michael Corleone seeks to avow for his sins, while taking his nephew Vincent Mancini under his wing."
217,When Harry Met Sally...,"Harry and Sally have known each other for years, and are very good friends, but they fear sex would ruin the friendship."
218,National Lampoon's Christmas Vacation,The Griswold family's plans for a big family Christmas predictably turn into a big disaster.
219,The Little Mermaid,A mermaid princess makes a Faustian bargain in an attempt to become human and win a prince's love.
220,The Naked Gun: From the Files of Police Squad!,Incompetent police Detective Frank Drebin must foil an attempt to assassinate Queen Elizabeth II.
221,Dangerous Liaisons,A scheming widow and her manipulative ex-lover make a bet regarding the corruption of a recently married woman.
222,"Planes, Trains & Automobiles",A man must struggle to travel home for Thanksgiving with a lovable oaf of a shower curtain ring salesman as his only companion.
223,Lethal Weapon,Two newly paired cops who are complete opposites must put aside their differences in order to catch a gang of drug smugglers.
224,Indiana Jones and the Temple of Doom,"In 1935, Indiana Jones arrives in India, still part of the British Empire, and is asked to find a mystical stone. He then stumbles upon a secret cult committing enslavement and human sacrifices in the catacombs of an ancient palace."
225,Blood Simple,"A rich but jealous man hires a private investigator to kill his cheating wife and her lover. However, nothing is simple when blood is involved."
226,The Secret of NIMH,"To save her ill son, a field mouse must seek the aid of a colony of rats, with whom she has a deeper link than she ever suspected."
227,On Golden Pond,"Norman is a curmudgeon with an estranged relationship with his daughter Chelsea. At Golden Pond, he and his wife nevertheless agree to care for Billy, the son of Chelsea's new boyfriend, and a most unexpected relationship blooms."
228,Mad Max 2,"In the post-apocalyptic Australian wasteland, a cynical drifter agrees to help a small, gasoline-rich community escape a horde of bandits."
229,The Warriors,"In the near future, a charismatic leader summons the street gangs of New York City in a bid to take it over. When he is killed, The Warriors are falsely blamed and now must fight their way home while every other gang is hunting them down."
230,The Muppet Movie,"Kermit and his newfound friends trek across America to find success in Hollywood, but a frog legs merchant is after Kermit."
231,Escape from Alcatraz,"Alcatraz is the most secure prison of its time. It is believed that no one can ever escape from it, until three daring men make a possible successful attempt at escaping from one of the most infamous prisons in the world."
232,Watership Down,A group of rabbits flee their doomed warren and face many dangers to find and protect their new home.
233,Midnight Express,"Billy Hayes, an American college student, is caught smuggling drugs out of Turkey and thrown into prison."
234,Close Encounters of the Third Kind,"Roy Neary, an electric lineman, watches how his quiet and ordinary daily life turns upside down after a close encounter with a UFO."
235,Robin Hood,The story of the legendary outlaw is portrayed with the characters as humanoid animals.
236,The Long Goodbye,"Private investigator Philip Marlowe helps a friend out of a jam, but in doing so gets implicated in his wife's murder."
237,Giù la testa,A low-life bandit and an I.R.A. explosives expert rebel against the government and become heroes of the Mexican Revolution.
238,And Now for Something Completely Different,An anthology of the best sketches from the first and second seasons of Monty Python's Flying Circus (1969).
239,Kelly's Heroes,A group of U.S. soldiers sneaks across enemy lines to get their hands on a secret stash of Nazi treasure.
240,The Jungle Book,Bagheera the Panther and Baloo the Bear have a difficult time trying to convince a boy to leave the jungle for human civilization.
241,Blowup,A mod London photographer finds something very suspicious in the shots he has taken of a mysterious beauty in a desolate park.
242,Pierrot le Fou,"Pierrot escapes his boring society and travels from Paris to the Mediterranean Sea with Marianne, a girl chased by hit-men from Algeria. They lead an unorthodox life, always on the run."
243,A Hard Day's Night,"Over two ""typical"" days in the life of The Beatles, the boys struggle to keep themselves and Sir Paul McCartney's mischievous grandfather in check while preparing for a live television performance."
244,Le mépris,Screenwriter Paul Javal's marriage to his wife Camille disintegrates during movie production as she spends time with the producer. Layered conflicts between art and business ensue.
245,Giant,Sprawling epic covering the life of a Texas cattle rancher and his family and associates.
246,From Here to Eternity,"In Hawaii in 1941, a private is cruelly punished for not boxing on his unit's team, while his captain's wife and second-in-command are falling in love."
247,Lifeboat,Several survivors of a torpedoed merchant ship in World War II find themselves in the same lifeboat with one of the U-boat men who sunk it.
248,Snow White and the Seven Dwarfs,"Exiled into the dangerous forest by her wicked stepmother, a princess is rescued by seven dwarf miners who make her part of their household."
249,The 39 Steps,"A man in London tries to help a counter-espionage Agent. But when the Agent is killed, and the man stands accused, he must go on the run to save himself and stop a spy ring which is trying to steal top secret information."
